[{"model": "admin.logentry", "pk": 1, "fields": {"action_time": "2025-03-06T00:04:00.586Z", "user": 1, "content_type": 4, "object_id": "2", "object_repr": "adeyemiemma45@gmaill.com", "action_flag": 2, "change_message": "[{\"changed\": {\"fields\": [\"password\"]}}]"}}, {"model": "admin.logentry", "pk": 2, "fields": {"action_time": "2025-03-06T00:08:55.211Z", "user": 1, "content_type": 4, "object_id": "2", "object_repr": "adeyemiemma45@gmaill.com", "action_flag": 2, "change_message": "[{\"changed\": {\"fields\": [\"Email address\"]}}]"}}, {"model": "admin.logentry", "pk": 3, "fields": {"action_time": "2025-03-06T00:10:07.772Z", "user": 1, "content_type": 4, "object_id": "2", "object_repr": "adeyemiemma45@gmail.com", "action_flag": 2, "change_message": "[{\"changed\": {\"fields\": [\"Username\"]}}]"}}, {"model": "admin.logentry", "pk": 4, "fields": {"action_time": "2025-03-07T03:15:23.148Z", "user": 1, "content_type": 4, "object_id": "3", "object_repr": "markcuban@gmail.com", "action_flag": 2, "change_message": "[{\"changed\": {\"fields\": [\"password\"]}}]"}}, {"model": "admin.logentry", "pk": 5, "fields": {"action_time": "2025-03-07T22:22:48.015Z", "user": 1, "content_type": 10, "object_id": "1", "object_repr": "Artist: Artist", "action_flag": 1, "change_message": "[{\"added\": {}}]"}}, {"model": "admin.logentry", "pk": 6, "fields": {"action_time": "2025-03-08T00:09:56.875Z", "user": 1, "content_type": 10, "object_id": "1", "object_repr": "Artist: Davido", "action_flag": 2, "change_message": "[{\"changed\": {\"fields\": [\"Name\"]}}]"}}, {"model": "admin.logentry", "pk": 7, "fields": {"action_time": "2025-03-08T00:10:53.712Z", "user": 1, "content_type": 10, "object_id": "2", "object_repr": "Artist: Burna Boy", "action_flag": 1, "change_message": "[{\"added\": {}}]"}}, {"model": "admin.logentry", "pk": 8, "fields": {"action_time": "2025-03-08T00:11:46.828Z", "user": 1, "content_type": 10, "object_id": "3", "object_repr": "Artist: Eminem", "action_flag": 1, "change_message": "[{\"added\": {}}]"}}, {"model": "admin.logentry", "pk": 9, "fields": {"action_time": "2025-03-08T00:12:21.789Z", "user": 1, "content_type": 10, "object_id": "4", "object_repr": "Artist: Alan Walker", "action_flag": 1, "change_message": "[{\"added\": {}}]"}}, {"model": "admin.logentry", "pk": 10, "fields": {"action_time": "2025-03-08T00:16:51.145Z", "user": 1, "content_type": 10, "object_id": "5", "object_repr": "Artist: Asake", "action_flag": 1, "change_message": "[{\"added\": {}}]"}}, {"model": "admin.logentry", "pk": 11, "fields": {"action_time": "2025-03-08T00:19:14.505Z", "user": 1, "content_type": 10, "object_id": "6", "object_repr": "Artist: James Blunt", "action_flag": 1, "change_message": "[{\"added\": {}}]"}}, {"model": "admin.logentry", "pk": 12, "fields": {"action_time": "2025-03-08T00:20:24.598Z", "user": 1, "content_type": 10, "object_id": "7", "object_repr": "Artist: Justin Beiber", "action_flag": 1, "change_message": "[{\"added\": {}}]"}}, {"model": "admin.logentry", "pk": 13, "fields": {"action_time": "2025-03-08T00:21:10.359Z", "user": 1, "content_type": 10, "object_id": "8", "object_repr": "Artist: Sia", "action_flag": 1, "change_message": "[{\"added\": {}}]"}}, {"model": "admin.logentry", "pk": 14, "fields": {"action_time": "2025-03-08T00:22:39.312Z", "user": 1, "content_type": 10, "object_id": "9", "object_repr": "Artist: Ayra Starr", "action_flag": 1, "change_message": "[{\"added\": {}}]"}}, {"model": "admin.logentry", "pk": 15, "fields": {"action_time": "2025-03-08T00:24:21.381Z", "user": 1, "content_type": 10, "object_id": "10", "object_repr": "Artist: Ada", "action_flag": 1, "change_message": "[{\"added\": {}}]"}}, {"model": "admin.logentry", "pk": 16, "fields": {"action_time": "2025-03-08T00:27:03.954Z", "user": 1, "content_type": 10, "object_id": "11", "object_repr": "Artist: Kizz Daniel", "action_flag": 1, "change_message": "[{\"added\": {}}]"}}, {"model": "admin.logentry", "pk": 17, "fields": {"action_time": "2025-03-08T00:30:52.943Z", "user": 1, "content_type": 9, "object_id": "1", "object_repr": "Genre: Country", "action_flag": 1, "change_message": "[{\"added\": {}}]"}}, {"model": "admin.logentry", "pk": 18, "fields": {"action_time": "2025-03-08T00:31:13.894Z", "user": 1, "content_type": 9, "object_id": "2", "object_repr": "Genre: Blues", "action_flag": 1, "change_message": "[{\"added\": {}}]"}}, {"model": "admin.logentry", "pk": 19, "fields": {"action_time": "2025-03-08T00:31:37.030Z", "user": 1, "content_type": 9, "object_id": "3", "object_repr": "Genre: Hip hop", "action_flag": 1, "change_message": "[{\"added\": {}}]"}}, {"model": "admin.logentry", "pk": 20, "fields": {"action_time": "2025-03-08T00:31:52.955Z", "user": 1, "content_type": 9, "object_id": "4", "object_repr": "Genre: Gospel", "action_flag": 1, "change_message": "[{\"added\": {}}]"}}, {"model": "admin.logentry", "pk": 21, "fields": {"action_time": "2025-03-08T00:32:54.360Z", "user": 1, "content_type": 9, "object_id": "5", "object_repr": "Genre: Rock", "action_flag": 1, "change_message": "[{\"added\": {}}]"}}, {"model": "admin.logentry", "pk": 22, "fields": {"action_time": "2025-03-08T00:33:19.943Z", "user": 1, "content_type": 9, "object_id": "6", "object_repr": "Genre: R & B", "action_flag": 1, "change_message": "[{\"added\": {}}]"}}, {"model": "admin.logentry", "pk": 23, "fields": {"action_time": "2025-03-08T00:33:21.551Z", "user": 1, "content_type": 9, "object_id": "7", "object_repr": "Genre: R & B", "action_flag": 1, "change_message": "[{\"added\": {}}]"}}, {"model": "admin.logentry", "pk": 24, "fields": {"action_time": "2025-03-08T00:34:48.629Z", "user": 1, "content_type": 9, "object_id": "8", "object_repr": "Genre: Afro beats", "action_flag": 1, "change_message": "[{\"added\": {}}]"}}, {"model": "admin.logentry", "pk": 25, "fields": {"action_time": "2025-03-08T00:35:48.913Z", "user": 1, "content_type": 9, "object_id": "6", "object_repr": "Genre: R & B", "action_flag": 3, "change_message": ""}}, {"model": "admin.logentry", "pk": 26, "fields": {"action_time": "2025-03-08T00:38:10.564Z", "user": 1, "content_type": 12, "object_id": "1", "object_repr": "basic", "action_flag": 1, "change_message": "[{\"added\": {}}]"}}, {"model": "admin.logentry", "pk": 27, "fields": {"action_time": "2025-03-08T00:38:29.283Z", "user": 1, "content_type": 12, "object_id": "2", "object_repr": "medium", "action_flag": 1, "change_message": "[{\"added\": {}}]"}}, {"model": "admin.logentry", "pk": 28, "fields": {"action_time": "2025-03-08T00:38:47.671Z", "user": 1, "content_type": 12, "object_id": "3", "object_repr": "premium", "action_flag": 1, "change_message": "[{\"added\": {}}]"}}, {"model": "admin.logentry", "pk": 29, "fields": {"action_time": "2025-03-08T00:40:21.096Z", "user": 1, "content_type": 11, "object_id": "1", "object_repr": "Album: Timeless", "action_flag": 1, "change_message": "[{\"added\": {}}]"}}, {"model": "admin.logentry", "pk": 30, "fields": {"action_time": "2025-03-08T00:42:15.621Z", "user": 1, "content_type": 11, "object_id": "2", "object_repr": "Album: Love, Damini", "action_flag": 1, "change_message": "[{\"added\": {}}]"}}, {"model": "admin.logentry", "pk": 31, "fields": {"action_time": "2025-03-08T00:44:35.781Z", "user": 1, "content_type": 11, "object_id": "3", "object_repr": "Album: Recovery", "action_flag": 1, "change_message": "[{\"added\": {}}]"}}, {"model": "admin.logentry", "pk": 32, "fields": {"action_time": "2025-03-08T00:46:17.218Z", "user": 1, "content_type": 11, "object_id": "4", "object_repr": "Album: This is acting", "action_flag": 1, "change_message": "[{\"added\": {}}]"}}, {"model": "admin.logentry", "pk": 33, "fields": {"action_time": "2025-03-08T00:46:54.010Z", "user": 1, "content_type": 11, "object_id": "5", "object_repr": "Album: Work of art", "action_flag": 1, "change_message": "[{\"added\": {}}]"}}, {"model": "admin.logentry", "pk": 34, "fields": {"action_time": "2025-03-08T00:47:29.862Z", "user": 1, "content_type": 11, "object_id": "6", "object_repr": "Album: World of Walker", "action_flag": 1, "change_message": "[{\"added\": {}}]"}}, {"model": "admin.logentry", "pk": 35, "fields": {"action_time": "2025-03-08T00:48:57.690Z", "user": 1, "content_type": 11, "object_id": "7", "object_repr": "Album: 19 & Dangerous", "action_flag": 1, "change_message": "[{\"added\": {}}]"}}, {"model": "admin.logentry", "pk": 36, "fields": {"action_time": "2025-03-08T00:49:55.502Z", "user": 1, "content_type": 11, "object_id": "8", "object_repr": "Album: Maverick", "action_flag": 1, "change_message": "[{\"added\": {}}]"}}, {"model": "admin.logentry", "pk": 37, "fields": {"action_time": "2025-03-08T00:50:53.092Z", "user": 1, "content_type": 11, "object_id": "9", "object_repr": "Album: Justice", "action_flag": 1, "change_message": "[{\"added\": {}}]"}}, {"model": "admin.logentry", "pk": 38, "fields": {"action_time": "2025-03-08T00:51:54.134Z", "user": 1, "content_type": 11, "object_id": "10", "object_repr": "Album: Consecrated", "action_flag": 1, "change_message": "[{\"added\": {}}]"}}, {"model": "admin.logentry", "pk": 39, "fields": {"action_time": "2025-03-08T00:53:20.883Z", "user": 1, "content_type": 11, "object_id": "11", "object_repr": "Album: All lost souls", "action_flag": 1, "change_message": "[{\"added\": {}}]"}}, {"model": "admin.logentry", "pk": 40, "fields": {"action_time": "2025-03-08T01:09:18.175Z", "user": 1, "content_type": 15, "object_id": "1", "object_repr": "Track: Alone Ft. Ava_Max, Audio: mk8snxalr5b2eerr4n9m", "action_flag": 1, "change_message": "[{\"added\": {}}]"}}, {"model": "admin.logentry", "pk": 41, "fields": {"action_time": "2025-03-08T01:13:40.907Z", "user": 1, "content_type": 15, "object_id": "2", "object_repr": "Track: For my hand Ft. Edsheeran, Audio: yarlz03ujakjqoicn6gu", "action_flag": 1, "change_message": "[{\"added\": {}}]"}}, {"model": "admin.logentry", "pk": 42, "fields": {"action_time": "2025-03-08T01:16:52.413Z", "user": 1, "content_type": 15, "object_id": "3", "object_repr": "Track: Unavailable ft Musa_Keys, Audio: pj8k7j4ad86jdaoyzrqz", "action_flag": 1, "change_message": "[{\"added\": {}}]"}}, {"model": "admin.logentry", "pk": 43, "fields": {"action_time": "2025-03-08T01:24:26.163Z", "user": 1, "content_type": 15, "object_id": "4", "object_repr": "Track: Rush, Audio: zr9wjwuepjqubovlttcc", "action_flag": 1, "change_message": "[{\"added\": {}}]"}}, {"model": "admin.logentry", "pk": 44, "fields": {"action_time": "2025-03-08T01:27:03.457Z", "user": 1, "content_type": 15, "object_id": "5", "object_repr": "Track: Bird set free, Audio: pcw5a0mkeyppd5a1n4lm", "action_flag": 1, "change_message": "[{\"added\": {}}]"}}, {"model": "admin.logentry", "pk": 45, "fields": {"action_time": "2025-03-08T01:29:57.050Z", "user": 1, "content_type": 15, "object_id": "6", "object_repr": "Track: My G, Audio: ypmc8rtheqzjal9ncmrh", "action_flag": 1, "change_message": "[{\"added\": {}}]"}}, {"model": "admin.logentry", "pk": 46, "fields": {"action_time": "2025-03-08T01:31:49.370Z", "user": 1, "content_type": 15, "object_id": "7", "object_repr": "Track: No love ft Lil Wayne, Audio: sojjg56phewmlg3nnevn", "action_flag": 1, "change_message": "[{\"added\": {}}]"}}, {"model": "admin.logentry", "pk": 47, "fields": {"action_time": "2025-03-08T01:34:25.129Z", "user": 1, "content_type": 15, "object_id": "8", "object_repr": "Track: As long as you love me, Audio: cqyrv4fogw9iocrkzqxk", "action_flag": 1, "change_message": "[{\"added\": {}}]"}}, {"model": "admin.logentry", "pk": 48, "fields": {"action_time": "2025-03-08T01:36:22.319Z", "user": 1, "content_type": 15, "object_id": "9", "object_repr": "Track: Lonely at the top, Audio: fi17ugdhcyfzef3nwbyf", "action_flag": 1, "change_message": "[{\"added\": {}}]"}}, {"model": "admin.logentry", "pk": 49, "fields": {"action_time": "2025-03-08T01:54:37.954Z", "user": 1, "content_type": 15, "object_id": "10", "object_repr": "Track: Peace be unto you, Audio: cy4fjcdj3kpvmav2oq4q", "action_flag": 1, "change_message": "[{\"added\": {}}]"}}, {"model": "admin.logentry", "pk": 50, "fields": {"action_time": "2025-03-08T01:56:09.797Z", "user": 1, "content_type": 15, "object_id": "11", "object_repr": "Track: Feel, Audio: fapo5ad5ftdakwhvie31", "action_flag": 1, "change_message": "[{\"added\": {}}]"}}, {"model": "admin.logentry", "pk": 51, "fields": {"action_time": "2025-03-08T02:03:31.030Z", "user": 1, "content_type": 15, "object_id": "12", "object_repr": "Track: Common Person, Audio: vi9l6daabwwf4aobtfxx", "action_flag": 1, "change_message": "[{\"added\": {}}]"}}, {"model": "admin.logentry", "pk": 52, "fields": {"action_time": "2025-03-08T02:05:55.528Z", "user": 1, "content_type": 15, "object_id": "13", "object_repr": "Track: Love the way you lie ft. Rihanna, Audio: qrjlro3p2yfl0vcnkpsz", "action_flag": 1, "change_message": "[{\"added\": {}}]"}}, {"model": "admin.logentry", "pk": 53, "fields": {"action_time": "2025-03-10T23:43:44.940Z", "user": 1, "content_type": 16, "object_id": "1", "object_repr": "blacket", "action_flag": 3, "change_message": ""}}, {"model": "admin.logentry", "pk": 54, "fields": {"action_time": "2025-03-11T03:17:07.060Z", "user": 1, "content_type": 15, "object_id": "13", "object_repr": "Track: Love the way you lie ft. Rihanna, Audio: qrjlro3p2yfl0vcnkpsz", "action_flag": 2, "change_message": "[{\"changed\": {\"fields\": [\"Times played\", \"Last played\"]}}]"}}, {"model": "admin.logentry", "pk": 55, "fields": {"action_time": "2025-03-11T03:32:43.391Z", "user": 1, "content_type": 15, "object_id": "13", "object_repr": "Track: Love the way you lie ft. Rihanna, Audio: qrjlro3p2yfl0vcnkpsz", "action_flag": 2, "change_message": "[{\"changed\": {\"fields\": [\"Times played\"]}}]"}}, {"model": "admin.logentry", "pk": 56, "fields": {"action_time": "2025-03-15T01:33:29.438Z", "user": 1, "content_type": 15, "object_id": "14", "object_repr": "Track: Seduction, Audio: hhmxjo9n9pwiwcwpgkgl", "action_flag": 1, "change_message": "[{\"added\": {}}]"}}, {"model": "admin.logentry", "pk": 57, "fields": {"action_time": "2025-03-15T01:36:42.538Z", "user": 1, "content_type": 15, "object_id": "15", "object_repr": "Track: Lose your self, Audio: vqog5sjuf7xtaxvxxpgs", "action_flag": 1, "change_message": "[{\"added\": {}}]"}}, {"model": "admin.logentry", "pk": 58, "fields": {"action_time": "2025-03-15T01:38:54.163Z", "user": 1, "content_type": 15, "object_id": "13", "object_repr": "Track: Love the way you lie ft. Rihanna, Audio: qrjlro3p2yfl0vcnkpsz", "action_flag": 3, "change_message": ""}}, {"model": "admin.logentry", "pk": 59, "fields": {"action_time": "2025-03-15T01:44:08.722Z", "user": 1, "content_type": 15, "object_id": "16", "object_repr": "Track: I don't Care ft. Edsheeran, Audio: hcpqvk0dkq5pl2lykpnm", "action_flag": 1, "change_message": "[{\"added\": {}}]"}}, {"model": "admin.logentry", "pk": 60, "fields": {"action_time": "2025-03-15T01:46:05.956Z", "user": 1, "content_type": 15, "object_id": "17", "object_repr": "Track: One Time, Audio: jpxvqtpf21jlzzjyuqmn", "action_flag": 1, "change_message": "[{\"added\": {}}]"}}, {"model": "admin.logentry", "pk": 61, "fields": {"action_time": "2025-03-15T01:49:27.595Z", "user": 1, "content_type": 15, "object_id": "18", "object_repr": "Track: Faded, Audio: bodgdbncmas0o5puoxgp", "action_flag": 1, "change_message": "[{\"added\": {}}]"}}, {"model": "admin.logentry", "pk": 62, "fields": {"action_time": "2025-03-15T01:52:46.660Z", "user": 1, "content_type": 10, "object_id": "12", "object_repr": "Artist: Bruno Mars", "action_flag": 1, "change_message": "[{\"added\": {}}]"}}, {"model": "admin.logentry", "pk": 63, "fields": {"action_time": "2025-03-15T01:57:16.137Z", "user": 1, "content_type": 11, "object_id": "12", "object_repr": "Album: Count on me", "action_flag": 1, "change_message": "[{\"added\": {}}]"}}, {"model": "admin.logentry", "pk": 64, "fields": {"action_time": "2025-03-15T01:58:33.456Z", "user": 1, "content_type": 15, "object_id": "19", "object_repr": "Track: Count on me, Audio: a9sgacafjjytooxaqvhv", "action_flag": 1, "change_message": "[{\"added\": {}}]"}}, {"model": "admin.logentry", "pk": 65, "fields": {"action_time": "2025-03-15T01:59:58.664Z", "user": 1, "content_type": 9, "object_id": "4", "object_repr": "Genre: Gospel", "action_flag": 3, "change_message": ""}}, {"model": "admin.logentry", "pk": 66, "fields": {"action_time": "2025-03-15T02:58:18.975Z", "user": 1, "content_type": 15, "object_id": "15", "object_repr": "Track: Lose your self, Audio: vqog5sjuf7xtaxvxxpgs", "action_flag": 2, "change_message": "[{\"changed\": {\"fields\": [\"Artist\"]}}]"}}, {"model": "admin.logentry", "pk": 67, "fields": {"action_time": "2025-03-15T03:38:05.890Z", "user": 1, "content_type": 15, "object_id": "20", "object_repr": "Track: On my way, Audio: ib7iektshvkugimzul8l", "action_flag": 1, "change_message": "[{\"added\": {}}]"}}, {"model": "admin.logentry", "pk": 68, "fields": {"action_time": "2025-03-15T03:41:27.161Z", "user": 1, "content_type": 15, "object_id": "21", "object_repr": "Track: Lost Control, Audio: kopa87i5j6vufaexuyok", "action_flag": 1, "change_message": "[{\"added\": {}}]"}}, {"model": "admin.logentry", "pk": 69, "fields": {"action_time": "2025-03-15T03:43:46.992Z", "user": 1, "content_type": 15, "object_id": "22", "object_repr": "Track: Hero, Audio: izxg6y3kpjkxzmsghm78", "action_flag": 1, "change_message": "[{\"added\": {}}]"}}, {"model": "admin.logentry", "pk": 70, "fields": {"action_time": "2025-03-15T03:48:15.463Z", "user": 1, "content_type": 15, "object_id": "23", "object_repr": "Track: Lily, Audio: ounkeyi7f0zzimol6wgn", "action_flag": 1, "change_message": "[{\"added\": {}}]"}}, {"model": "admin.logentry", "pk": 71, "fields": {"action_time": "2025-03-15T03:56:54.886Z", "user": 1, "content_type": 9, "object_id": "1", "object_repr": "Genre: Country", "action_flag": 3, "change_message": ""}}, {"model": "admin.logentry", "pk": 72, "fields": {"action_time": "2025-03-15T04:00:21.539Z", "user": 1, "content_type": 9, "object_id": "9", "object_repr": "Genre: Electronic", "action_flag": 1, "change_message": "[{\"added\": {}}]"}}, {"model": "admin.logentry", "pk": 73, "fields": {"action_time": "2025-03-18T18:24:57.834Z", "user": 1, "content_type": 13, "object_id": "7", "object_repr": "medium", "action_flag": 3, "change_message": ""}}, {"model": "admin.logentry", "pk": 74, "fields": {"action_time": "2025-03-18T18:24:57.834Z", "user": 1, "content_type": 13, "object_id": "6", "object_repr": "medium", "action_flag": 3, "change_message": ""}}, {"model": "admin.logentry", "pk": 75, "fields": {"action_time": "2025-03-18T18:24:57.834Z", "user": 1, "content_type": 13, "object_id": "5", "object_repr": "medium", "action_flag": 3, "change_message": ""}}, {"model": "admin.logentry", "pk": 76, "fields": {"action_time": "2025-03-18T18:24:57.834Z", "user": 1, "content_type": 13, "object_id": "4", "object_repr": "medium", "action_flag": 3, "change_message": ""}}, {"model": "admin.logentry", "pk": 77, "fields": {"action_time": "2025-03-18T18:24:57.834Z", "user": 1, "content_type": 13, "object_id": "3", "object_repr": "medium", "action_flag": 3, "change_message": ""}}, {"model": "admin.logentry", "pk": 78, "fields": {"action_time": "2025-03-18T18:24:57.834Z", "user": 1, "content_type": 13, "object_id": "2", "object_repr": "medium", "action_flag": 3, "change_message": ""}}, {"model": "admin.logentry", "pk": 79, "fields": {"action_time": "2025-03-18T18:24:57.834Z", "user": 1, "content_type": 13, "object_id": "1", "object_repr": "medium", "action_flag": 3, "change_message": ""}}, {"model": "admin.logentry", "pk": 80, "fields": {"action_time": "2025-03-19T01:18:41.101Z", "user": 1, "content_type": 13, "object_id": "13", "object_repr": "medium", "action_flag": 3, "change_message": ""}}, {"model": "admin.logentry", "pk": 81, "fields": {"action_time": "2025-03-19T01:18:41.101Z", "user": 1, "content_type": 13, "object_id": "12", "object_repr": "premium", "action_flag": 3, "change_message": ""}}, {"model": "admin.logentry", "pk": 82, "fields": {"action_time": "2025-03-19T01:18:41.101Z", "user": 1, "content_type": 13, "object_id": "11", "object_repr": "medium", "action_flag": 3, "change_message": ""}}, {"model": "admin.logentry", "pk": 83, "fields": {"action_time": "2025-03-19T01:18:41.101Z", "user": 1, "content_type": 13, "object_id": "10", "object_repr": "premium", "action_flag": 3, "change_message": ""}}, {"model": "admin.logentry", "pk": 84, "fields": {"action_time": "2025-03-19T01:18:41.101Z", "user": 1, "content_type": 13, "object_id": "9", "object_repr": "medium", "action_flag": 3, "change_message": ""}}, {"model": "admin.logentry", "pk": 85, "fields": {"action_time": "2025-03-19T01:18:41.101Z", "user": 1, "content_type": 13, "object_id": "8", "object_repr": "medium", "action_flag": 3, "change_message": ""}}, {"model": "admin.logentry", "pk": 86, "fields": {"action_time": "2025-03-19T01:31:30.382Z", "user": 1, "content_type": 13, "object_id": "2", "object_repr": "premium", "action_flag": 3, "change_message": ""}}, {"model": "admin.logentry", "pk": 87, "fields": {"action_time": "2025-03-19T01:33:37.916Z", "user": 1, "content_type": 13, "object_id": "3", "object_repr": "premium", "action_flag": 3, "change_message": ""}}, {"model": "admin.logentry", "pk": 88, "fields": {"action_time": "2025-03-19T01:42:39.685Z", "user": 1, "content_type": 13, "object_id": "4", "object_repr": "premium", "action_flag": 3, "change_message": ""}}, {"model": "admin.logentry", "pk": 89, "fields": {"action_time": "2025-03-19T01:57:52.770Z", "user": 1, "content_type": 13, "object_id": "7", "object_repr": "medium", "action_flag": 3, "change_message": ""}}, {"model": "admin.logentry", "pk": 90, "fields": {"action_time": "2025-03-19T01:57:52.770Z", "user": 1, "content_type": 13, "object_id": "6", "object_repr": "premium", "action_flag": 3, "change_message": ""}}, {"model": "admin.logentry", "pk": 91, "fields": {"action_time": "2025-03-19T01:57:52.770Z", "user": 1, "content_type": 13, "object_id": "5", "object_repr": "premium", "action_flag": 3, "change_message": ""}}, {"model": "admin.logentry", "pk": 92, "fields": {"action_time": "2025-03-19T01:57:59.528Z", "user": 1, "content_type": 13, "object_id": "8", "object_repr": "medium", "action_flag": 3, "change_message": ""}}, {"model": "admin.logentry", "pk": 93, "fields": {"action_time": "2025-03-19T02:00:46.114Z", "user": 1, "content_type": 13, "object_id": "10", "object_repr": "medium", "action_flag": 3, "change_message": ""}}, {"model": "admin.logentry", "pk": 94, "fields": {"action_time": "2025-03-19T02:00:46.114Z", "user": 1, "content_type": 13, "object_id": "9", "object_repr": "premium", "action_flag": 3, "change_message": ""}}, {"model": "admin.logentry", "pk": 95, "fields": {"action_time": "2025-03-19T02:02:21.271Z", "user": 1, "content_type": 13, "object_id": "11", "object_repr": "premium", "action_flag": 3, "change_message": ""}}, {"model": "admin.logentry", "pk": 96, "fields": {"action_time": "2025-03-19T02:02:21.271Z", "user": 1, "content_type": 13, "object_id": "1", "object_repr": "medium", "action_flag": 3, "change_message": ""}}, {"model": "admin.logentry", "pk": 97, "fields": {"action_time": "2025-03-19T02:28:38.696Z", "user": 1, "content_type": 13, "object_id": "12", "object_repr": "medium", "action_flag": 3, "change_message": ""}}, {"model": "admin.logentry", "pk": 98, "fields": {"action_time": "2025-03-19T03:16:19.682Z", "user": 1, "content_type": 13, "object_id": "5", "object_repr": "medium", "action_flag": 3, "change_message": ""}}, {"model": "admin.logentry", "pk": 99, "fields": {"action_time": "2025-03-20T03:01:52.117Z", "user": 1, "content_type": 13, "object_id": "8", "object_repr": "premium", "action_flag": 3, "change_message": ""}}, {"model": "admin.logentry", "pk": 100, "fields": {"action_time": "2025-03-20T03:01:52.117Z", "user": 1, "content_type": 13, "object_id": "7", "object_repr": "premium", "action_flag": 3, "change_message": ""}}, {"model": "admin.logentry", "pk": 101, "fields": {"action_time": "2025-03-20T03:01:52.118Z", "user": 1, "content_type": 13, "object_id": "6", "object_repr": "medium", "action_flag": 3, "change_message": ""}}, {"model": "admin.logentry", "pk": 102, "fields": {"action_time": "2025-03-20T03:01:52.118Z", "user": 1, "content_type": 13, "object_id": "4", "object_repr": "premium", "action_flag": 3, "change_message": ""}}, {"model": "admin.logentry", "pk": 103, "fields": {"action_time": "2025-03-20T03:01:52.118Z", "user": 1, "content_type": 13, "object_id": "3", "object_repr": "medium", "action_flag": 3, "change_message": ""}}, {"model": "admin.logentry", "pk": 104, "fields": {"action_time": "2025-03-20T03:01:52.118Z", "user": 1, "content_type": 13, "object_id": "2", "object_repr": "premium", "action_flag": 3, "change_message": ""}}, {"model": "admin.logentry", "pk": 105, "fields": {"action_time": "2025-03-20T03:01:52.118Z", "user": 1, "content_type": 13, "object_id": "1", "object_repr": "medium", "action_flag": 3, "change_message": ""}}, {"model": "admin.logentry", "pk": 106, "fields": {"action_time": "2025-03-20T03:47:45.609Z", "user": 1, "content_type": 13, "object_id": "4", "object_repr": "medium", "action_flag": 3, "change_message": ""}}, {"model": "admin.logentry", "pk": 107, "fields": {"action_time": "2025-03-20T03:47:45.609Z", "user": 1, "content_type": 13, "object_id": "3", "object_repr": "premium", "action_flag": 3, "change_message": ""}}, {"model": "admin.logentry", "pk": 108, "fields": {"action_time": "2025-03-20T03:47:45.609Z", "user": 1, "content_type": 13, "object_id": "2", "object_repr": "medium", "action_flag": 3, "change_message": ""}}, {"model": "admin.logentry", "pk": 109, "fields": {"action_time": "2025-03-20T03:47:45.609Z", "user": 1, "content_type": 13, "object_id": "1", "object_repr": "medium", "action_flag": 3, "change_message": ""}}, {"model": "admin.logentry", "pk": 110, "fields": {"action_time": "2025-03-21T21:58:45.593Z", "user": 1, "content_type": 14, "object_id": "2", "object_repr": "adeyemiemma45@gmail.com - premium Subscription", "action_flag": 3, "change_message": ""}}, {"model": "admin.logentry", "pk": 111, "fields": {"action_time": "2025-03-21T21:58:45.593Z", "user": 1, "content_type": 14, "object_id": "1", "object_repr": "adeyemiemma45@gmail.com - premium Subscription", "action_flag": 3, "change_message": ""}}, {"model": "admin.logentry", "pk": 112, "fields": {"action_time": "2025-03-21T22:48:39.080Z", "user": 1, "content_type": 13, "object_id": "8", "object_repr": "medium", "action_flag": 3, "change_message": ""}}, {"model": "admin.logentry", "pk": 113, "fields": {"action_time": "2025-03-21T22:48:39.080Z", "user": 1, "content_type": 13, "object_id": "7", "object_repr": "medium", "action_flag": 3, "change_message": ""}}, {"model": "admin.logentry", "pk": 114, "fields": {"action_time": "2025-03-21T22:48:39.080Z", "user": 1, "content_type": 13, "object_id": "6", "object_repr": "premium", "action_flag": 3, "change_message": ""}}, {"model": "admin.logentry", "pk": 115, "fields": {"action_time": "2025-03-21T22:48:39.080Z", "user": 1, "content_type": 13, "object_id": "5", "object_repr": "medium", "action_flag": 3, "change_message": ""}}, {"model": "admin.logentry", "pk": 116, "fields": {"action_time": "2025-03-21T22:48:53.830Z", "user": 1, "content_type": 14, "object_id": "3", "object_repr": "adeyemiemma45@gmail.com - medium Subscription", "action_flag": 3, "change_message": ""}}, {"model": "admin.logentry", "pk": 117, "fields": {"action_time": "2025-03-21T23:24:03.489Z", "user": 1, "content_type": 14, "object_id": "4", "object_repr": "adeyemiemma45@gmail.com - premium Subscription", "action_flag": 3, "change_message": ""}}, {"model": "admin.logentry", "pk": 118, "fields": {"action_time": "2025-03-21T23:24:13.792Z", "user": 1, "content_type": 13, "object_id": "9", "object_repr": "premium", "action_flag": 3, "change_message": ""}}, {"model": "admin.logentry", "pk": 119, "fields": {"action_time": "2025-03-21T23:33:25.496Z", "user": 1, "content_type": 14, "object_id": "5", "object_repr": "adeyemiemma45@gmail.com - premium Subscription", "action_flag": 3, "change_message": ""}}, {"model": "admin.logentry", "pk": 120, "fields": {"action_time": "2025-03-21T23:33:40.263Z", "user": 1, "content_type": 13, "object_id": "10", "object_repr": "premium", "action_flag": 3, "change_message": ""}}, {"model": "admin.logentry", "pk": 121, "fields": {"action_time": "2025-03-22T00:07:31.617Z", "user": 1, "content_type": 13, "object_id": "11", "object_repr": "premium", "action_flag": 3, "change_message": ""}}, {"model": "admin.logentry", "pk": 122, "fields": {"action_time": "2025-03-22T00:07:53.143Z", "user": 1, "content_type": 14, "object_id": "1", "object_repr": "adeyemiemma45@gmail.com - premium Subscription", "action_flag": 3, "change_message": ""}}, {"model": "admin.logentry", "pk": 123, "fields": {"action_time": "2025-03-22T00:13:47.907Z", "user": 1, "content_type": 12, "object_id": "2", "object_repr": "medium", "action_flag": 2, "change_message": "[]"}}, {"model": "admin.logentry", "pk": 124, "fields": {"action_time": "2025-04-06T15:47:54.299Z", "user": 1, "content_type": 4, "object_id": "4", "object_repr": "esther@gmail.com", "action_flag": 3, "change_message": ""}}, {"model": "auth.permission", "pk": 1, "fields": {"name": "Can add log entry", "content_type": 1, "codename": "add_logentry"}}, {"model": "auth.permission", "pk": 2, "fields": {"name": "Can change log entry", "content_type": 1, "codename": "change_logentry"}}, {"model": "auth.permission", "pk": 3, "fields": {"name": "Can delete log entry", "content_type": 1, "codename": "delete_logentry"}}, {"model": "auth.permission", "pk": 4, "fields": {"name": "Can view log entry", "content_type": 1, "codename": "view_logentry"}}, {"model": "auth.permission", "pk": 5, "fields": {"name": "Can add permission", "content_type": 2, "codename": "add_permission"}}, {"model": "auth.permission", "pk": 6, "fields": {"name": "Can change permission", "content_type": 2, "codename": "change_permission"}}, {"model": "auth.permission", "pk": 7, "fields": {"name": "Can delete permission", "content_type": 2, "codename": "delete_permission"}}, {"model": "auth.permission", "pk": 8, "fields": {"name": "Can view permission", "content_type": 2, "codename": "view_permission"}}, {"model": "auth.permission", "pk": 9, "fields": {"name": "Can add group", "content_type": 3, "codename": "add_group"}}, {"model": "auth.permission", "pk": 10, "fields": {"name": "Can change group", "content_type": 3, "codename": "change_group"}}, {"model": "auth.permission", "pk": 11, "fields": {"name": "Can delete group", "content_type": 3, "codename": "delete_group"}}, {"model": "auth.permission", "pk": 12, "fields": {"name": "Can view group", "content_type": 3, "codename": "view_group"}}, {"model": "auth.permission", "pk": 13, "fields": {"name": "Can add user", "content_type": 4, "codename": "add_user"}}, {"model": "auth.permission", "pk": 14, "fields": {"name": "Can change user", "content_type": 4, "codename": "change_user"}}, {"model": "auth.permission", "pk": 15, "fields": {"name": "Can delete user", "content_type": 4, "codename": "delete_user"}}, {"model": "auth.permission", "pk": 16, "fields": {"name": "Can view user", "content_type": 4, "codename": "view_user"}}, {"model": "auth.permission", "pk": 17, "fields": {"name": "Can add content type", "content_type": 5, "codename": "add_contenttype"}}, {"model": "auth.permission", "pk": 18, "fields": {"name": "Can change content type", "content_type": 5, "codename": "change_contenttype"}}, {"model": "auth.permission", "pk": 19, "fields": {"name": "Can delete content type", "content_type": 5, "codename": "delete_contenttype"}}, {"model": "auth.permission", "pk": 20, "fields": {"name": "Can view content type", "content_type": 5, "codename": "view_contenttype"}}, {"model": "auth.permission", "pk": 21, "fields": {"name": "Can add session", "content_type": 6, "codename": "add_session"}}, {"model": "auth.permission", "pk": 22, "fields": {"name": "Can change session", "content_type": 6, "codename": "change_session"}}, {"model": "auth.permission", "pk": 23, "fields": {"name": "Can delete session", "content_type": 6, "codename": "delete_session"}}, {"model": "auth.permission", "pk": 24, "fields": {"name": "Can view session", "content_type": 6, "codename": "view_session"}}, {"model": "auth.permission", "pk": 25, "fields": {"name": "Can add Token", "content_type": 7, "codename": "add_token"}}, {"model": "auth.permission", "pk": 26, "fields": {"name": "Can change Token", "content_type": 7, "codename": "change_token"}}, {"model": "auth.permission", "pk": 27, "fields": {"name": "Can delete Token", "content_type": 7, "codename": "delete_token"}}, {"model": "auth.permission", "pk": 28, "fields": {"name": "Can view Token", "content_type": 7, "codename": "view_token"}}, {"model": "auth.permission", "pk": 29, "fields": {"name": "Can add Token", "content_type": 8, "codename": "add_tokenproxy"}}, {"model": "auth.permission", "pk": 30, "fields": {"name": "Can change Token", "content_type": 8, "codename": "change_tokenproxy"}}, {"model": "auth.permission", "pk": 31, "fields": {"name": "Can delete Token", "content_type": 8, "codename": "delete_tokenproxy"}}, {"model": "auth.permission", "pk": 32, "fields": {"name": "Can view Token", "content_type": 8, "codename": "view_tokenproxy"}}, {"model": "auth.permission", "pk": 33, "fields": {"name": "Can add genre", "content_type": 9, "codename": "add_genre"}}, {"model": "auth.permission", "pk": 34, "fields": {"name": "Can change genre", "content_type": 9, "codename": "change_genre"}}, {"model": "auth.permission", "pk": 35, "fields": {"name": "Can delete genre", "content_type": 9, "codename": "delete_genre"}}, {"model": "auth.permission", "pk": 36, "fields": {"name": "Can view genre", "content_type": 9, "codename": "view_genre"}}, {"model": "auth.permission", "pk": 37, "fields": {"name": "Can add artist", "content_type": 10, "codename": "add_artist"}}, {"model": "auth.permission", "pk": 38, "fields": {"name": "Can change artist", "content_type": 10, "codename": "change_artist"}}, {"model": "auth.permission", "pk": 39, "fields": {"name": "Can delete artist", "content_type": 10, "codename": "delete_artist"}}, {"model": "auth.permission", "pk": 40, "fields": {"name": "Can view artist", "content_type": 10, "codename": "view_artist"}}, {"model": "auth.permission", "pk": 41, "fields": {"name": "Can add album", "content_type": 11, "codename": "add_album"}}, {"model": "auth.permission", "pk": 42, "fields": {"name": "Can change album", "content_type": 11, "codename": "change_album"}}, {"model": "auth.permission", "pk": 43, "fields": {"name": "Can delete album", "content_type": 11, "codename": "delete_album"}}, {"model": "auth.permission", "pk": 44, "fields": {"name": "Can view album", "content_type": 11, "codename": "view_album"}}, {"model": "auth.permission", "pk": 45, "fields": {"name": "Can add pricing", "content_type": 12, "codename": "add_pricing"}}, {"model": "auth.permission", "pk": 46, "fields": {"name": "Can change pricing", "content_type": 12, "codename": "change_pricing"}}, {"model": "auth.permission", "pk": 47, "fields": {"name": "Can delete pricing", "content_type": 12, "codename": "delete_pricing"}}, {"model": "auth.permission", "pk": 48, "fields": {"name": "Can view pricing", "content_type": 12, "codename": "view_pricing"}}, {"model": "auth.permission", "pk": 49, "fields": {"name": "Can add order", "content_type": 13, "codename": "add_order"}}, {"model": "auth.permission", "pk": 50, "fields": {"name": "Can change order", "content_type": 13, "codename": "change_order"}}, {"model": "auth.permission", "pk": 51, "fields": {"name": "Can delete order", "content_type": 13, "codename": "delete_order"}}, {"model": "auth.permission", "pk": 52, "fields": {"name": "Can view order", "content_type": 13, "codename": "view_order"}}, {"model": "auth.permission", "pk": 53, "fields": {"name": "Can add subscription", "content_type": 14, "codename": "add_subscription"}}, {"model": "auth.permission", "pk": 54, "fields": {"name": "Can change subscription", "content_type": 14, "codename": "change_subscription"}}, {"model": "auth.permission", "pk": 55, "fields": {"name": "Can delete subscription", "content_type": 14, "codename": "delete_subscription"}}, {"model": "auth.permission", "pk": 56, "fields": {"name": "Can view subscription", "content_type": 14, "codename": "view_subscription"}}, {"model": "auth.permission", "pk": 57, "fields": {"name": "Can add track", "content_type": 15, "codename": "add_track"}}, {"model": "auth.permission", "pk": 58, "fields": {"name": "Can change track", "content_type": 15, "codename": "change_track"}}, {"model": "auth.permission", "pk": 59, "fields": {"name": "Can delete track", "content_type": 15, "codename": "delete_track"}}, {"model": "auth.permission", "pk": 60, "fields": {"name": "Can view track", "content_type": 15, "codename": "view_track"}}, {"model": "auth.permission", "pk": 61, "fields": {"name": "Can add playlist", "content_type": 16, "codename": "add_playlist"}}, {"model": "auth.permission", "pk": 62, "fields": {"name": "Can change playlist", "content_type": 16, "codename": "change_playlist"}}, {"model": "auth.permission", "pk": 63, "fields": {"name": "Can delete playlist", "content_type": 16, "codename": "delete_playlist"}}, {"model": "auth.permission", "pk": 64, "fields": {"name": "Can view playlist", "content_type": 16, "codename": "view_playlist"}}, {"model": "auth.permission", "pk": 65, "fields": {"name": "Can add played", "content_type": 17, "codename": "add_played"}}, {"model": "auth.permission", "pk": 66, "fields": {"name": "Can change played", "content_type": 17, "codename": "change_played"}}, {"model": "auth.permission", "pk": 67, "fields": {"name": "Can delete played", "content_type": 17, "codename": "delete_played"}}, {"model": "auth.permission", "pk": 68, "fields": {"name": "Can view played", "content_type": 17, "codename": "view_played"}}, {"model": "auth.permission", "pk": 69, "fields": {"name": "Can add Password Reset Token", "content_type": 18, "codename": "add_resetpasswordtoken"}}, {"model": "auth.permission", "pk": 70, "fields": {"name": "Can change Password Reset Token", "content_type": 18, "codename": "change_resetpasswordtoken"}}, {"model": "auth.permission", "pk": 71, "fields": {"name": "Can delete Password Reset Token", "content_type": 18, "codename": "delete_resetpasswordtoken"}}, {"model": "auth.permission", "pk": 72, "fields": {"name": "Can view Password Reset Token", "content_type": 18, "codename": "view_resetpasswordtoken"}}, {"model": "auth.user", "pk": 1, "fields": {"password": "pbkdf2_sha256$870000$ArNwbDi2VBoJQmHYxSxBW2$1MW2+IrANu4lUOq07pKor/Nn/BnOXb8g1CNFgi3HO1M=", "last_login": "2025-06-18T18:34:54.700Z", "is_superuser": true, "username": "admin", "first_name": "", "last_name": "", "email": "admin@gmail.com", "is_staff": true, "is_active": true, "date_joined": "2025-03-05T22:23:12.552Z", "groups": [], "user_permissions": []}}, {"model": "auth.user", "pk": 2, "fields": {"password": "pbkdf2_sha256$870000$QFQIrDa5wEIpZMBu3vuHGx$+DYAYzppRhitkRpa+8h2TeM2MJkQI05I5AaDv8hDnbY=", "last_login": null, "is_superuser": false, "username": "adeyemiemma45@gmail.com", "first_name": "emmy", "last_name": "cyrus", "email": "adeyemiemma45@gmail.com", "is_staff": false, "is_active": true, "date_joined": "2025-03-06T00:00:36Z", "groups": [], "user_permissions": []}}, {"model": "auth.user", "pk": 3, "fields": {"password": "pbkdf2_sha256$870000$CUwpZv49Pt18cg4nt2gC8A$keQnq3P3RCNIzTiTkb9ZoZG5+GlQU9/zEXEjcCJfFhI=", "last_login": null, "is_superuser": false, "username": "markcuban@gmail.com", "first_name": "Mark", "last_name": "Cuban", "email": "markcuban@gmail.com", "is_staff": false, "is_active": true, "date_joined": "2025-03-07T03:13:29.620Z", "groups": [], "user_permissions": []}}, {"model": "auth.user", "pk": 5, "fields": {"password": "pbkdf2_sha256$870000$0SPd5r0HG5TCUvKgN8rj96$xr6VswXsXIxssDZ0aK8zJ1WJTf00LSBWSghEI7FmTCk=", "last_login": null, "is_superuser": false, "username": "harry@gmail.com", "first_name": "harry", "last_name": "kane", "email": "harry@gmail.com", "is_staff": false, "is_active": true, "date_joined": "2025-04-06T16:05:21.028Z", "groups": [], "user_permissions": []}}, {"model": "contenttypes.contenttype", "pk": 1, "fields": {"app_label": "admin", "model": "logentry"}}, {"model": "contenttypes.contenttype", "pk": 2, "fields": {"app_label": "auth", "model": "permission"}}, {"model": "contenttypes.contenttype", "pk": 3, "fields": {"app_label": "auth", "model": "group"}}, {"model": "contenttypes.contenttype", "pk": 4, "fields": {"app_label": "auth", "model": "user"}}, {"model": "contenttypes.contenttype", "pk": 5, "fields": {"app_label": "contenttypes", "model": "contenttype"}}, {"model": "contenttypes.contenttype", "pk": 6, "fields": {"app_label": "sessions", "model": "session"}}, {"model": "contenttypes.contenttype", "pk": 7, "fields": {"app_label": "authtoken", "model": "token"}}, {"model": "contenttypes.contenttype", "pk": 8, "fields": {"app_label": "authtoken", "model": "tokenproxy"}}, {"model": "contenttypes.contenttype", "pk": 9, "fields": {"app_label": "musicapp", "model": "genre"}}, {"model": "contenttypes.contenttype", "pk": 10, "fields": {"app_label": "musicapp", "model": "artist"}}, {"model": "contenttypes.contenttype", "pk": 11, "fields": {"app_label": "musicapp", "model": "album"}}, {"model": "contenttypes.contenttype", "pk": 12, "fields": {"app_label": "musicapp", "model": "pricing"}}, {"model": "contenttypes.contenttype", "pk": 13, "fields": {"app_label": "musicapp", "model": "order"}}, {"model": "contenttypes.contenttype", "pk": 14, "fields": {"app_label": "musicapp", "model": "subscription"}}, {"model": "contenttypes.contenttype", "pk": 15, "fields": {"app_label": "musicapp", "model": "track"}}, {"model": "contenttypes.contenttype", "pk": 16, "fields": {"app_label": "musicapp", "model": "playlist"}}, {"model": "contenttypes.contenttype", "pk": 17, "fields": {"app_label": "musicapp", "model": "played"}}, {"model": "contenttypes.contenttype", "pk": 18, "fields": {"app_label": "django_rest_passwordreset", "model": "resetpasswordtoken"}}, {"model": "sessions.session", "pk": "4ginhwb5ziy6kub6hbnqxel6bs0yh1o9", "fields": {"session_data": ".eJxVjMEOwiAQRP-FsyGAQMGj934DWXZXqRpISnsy_rtt0oMeZ96beYsE61LS2nlOE4mL0OL022XAJ9cd0APqvUlsdZmnLHdFHrTLsRG_rof7d1Cgl21to3cqnIHYBFSRIjFzzBhJWzaIDsiwY6MsOa-DIu0Hqwblb6C3YMXnC-9hN8o:1uRxcc:n7tHaFkfwNNbFhj1k9KUFzBTjnekiGtE3vVHG_4krwI", "expire_date": "2025-07-02T18:34:54.872Z"}}, {"model": "sessions.session", "pk": "jv21c1z8ekvahg17fkstpztd2yehxwmf", "fields": {"session_data": ".eJxVjMEOwiAQRP-FsyGAQMGj934DWXZXqRpISnsy_rtt0oMeZ96beYsE61LS2nlOE4mL0OL022XAJ9cd0APqvUlsdZmnLHdFHrTLsRG_rof7d1Cgl21to3cqnIHYBFSRIjFzzBhJWzaIDsiwY6MsOa-DIu0Hqwblb6C3YMXnC-9hN8o:1ttENG:HfpJVsiryMAB2Z7x-8tUsgVXr7F3ASmkJNTEtzqFrak", "expire_date": "2025-03-28T23:23:30.668Z"}}, {"model": "sessions.session", "pk": "njhrf5e8czgdt6ln5ttyetm4alh0jcpj", "fields": {"session_data": ".eJxVjMEOwiAQRP-FsyGAQMGj934DWXZXqRpISnsy_rtt0oMeZ96beYsE61LS2nlOE4mL0OL022XAJ9cd0APqvUlsdZmnLHdFHrTLsRG_rof7d1Cgl21to3cqnIHYBFSRIjFzzBhJWzaIDsiwY6MsOa-DIu0Hqwblb6C3YMXnC-9hN8o:1uCqM5:UIWQxDuFf5KcgWcqwmZPvQq6vHX8QJnQymLva4k2PtE", "expire_date": "2025-05-22T01:47:21.261Z"}}, {"model": "sessions.session", "pk": "reqq9iqm74q7sinx6q23v40bhnkkwojd", "fields": {"session_data": ".eJxVjMEOwiAQRP-FsyGAQMGj934DWXZXqRpISnsy_rtt0oMeZ96beYsE61LS2nlOE4mL0OL022XAJ9cd0APqvUlsdZmnLHdFHrTLsRG_rof7d1Cgl21to3cqnIHYBFSRIjFzzBhJWzaIDsiwY6MsOa-DIu0Hqwblb6C3YMXnC-9hN8o:1uQwlY:GGDV6IcERTv7YmNjs50tPebNm7t9eKvIOF1N8vBMp68", "expire_date": "2025-06-29T23:27:56.048Z"}}, {"model": "sessions.session", "pk": "wcg4mle3bt4ffs0nolaxwvwuz88ddfa8", "fields": {"session_data": ".eJxVjMEOwiAQRP-FsyGAQMGj934DWXZXqRpISnsy_rtt0oMeZ96beYsE61LS2nlOE4mL0OL022XAJ9cd0APqvUlsdZmnLHdFHrTLsRG_rof7d1Cgl21to3cqnIHYBFSRIjFzzBhJWzaIDsiwY6MsOa-DIu0Hqwblb6C3YMXnC-9hN8o:1tywOt:qHxxe--VK4n54bb-QL1f_EZty5CSu5CY7Omc9jR2ZwI", "expire_date": "2025-04-13T17:24:47.624Z"}}, {"model": "musicapp.artist", "pk": 1, "fields": {"name": "Davido", "cover_image": "image/upload/v1741386163/mbrbcem3l3euxm6t2wxl.jpg", "bio": "David Adedeji Adeleke OON (born November 21, 1992), known professionally as Davido, is a Nigerian-Am", "followers": 1}}, {"model": "musicapp.artist", "pk": 2, "fields": {"name": "Burna Boy", "cover_image": "image/upload/v1741392651/oetm87zrgqc74g6agm5e.jpg", "bio": "Damini Ebunoluwa Ogulu MFR[5] (born 2 July 1991),[1] known professionally as Burna Boy, is a Nigeria", "followers": 1}}, {"model": "musicapp.artist", "pk": 3, "fields": {"name": "Eminem", "cover_image": "image/upload/v1741392704/jp0ge5ngldfhg4zr4rmi.jpg", "bio": "Marshall Bruce Mathers III (born October 17, 1972), known professionally as Eminem (often stylized a", "followers": 1}}, {"model": "musicapp.artist", "pk": 4, "fields": {"name": "Alan Walker", "cover_image": "image/upload/v1741392739/zhtcul6p8e5qyunszwe9.jpg", "bio": "Alan Olav Walker (born 24 August 1997) is a Norwegian DJ and record producer. His songs \"Faded\", \"Si", "followers": 1}}, {"model": "musicapp.artist", "pk": 5, "fields": {"name": "Asake", "cover_image": "image/upload/v1741393008/dphprupmcfdnf6lmpi31.jpg", "bio": "Ahmed Ololade (born 13 January 1995), known professionally as Asake, is a Nigerian singer, rapper", "followers": 1}}, {"model": "musicapp.artist", "pk": 6, "fields": {"name": "James Blunt", "cover_image": "image/upload/v1741393152/aem7wphryslvomookfci.jpg", "bio": "James Blunt (born James Hillier Blount, 22 February 1974) is an English singer, songwriter and music", "followers": 1}}, {"model": "musicapp.artist", "pk": 7, "fields": {"name": "Justin Beiber", "cover_image": "image/upload/v1741393221/fnufnpnp8quoti6nz7px.jpg", "bio": "Justin Drew Bieber (/ˈbiːbər/ BEE-bər; born March 1, 1994)[3][4] is a Canadian singer. Regarded as a", "followers": 1}}, {"model": "musicapp.artist", "pk": 8, "fields": {"name": "Sia", "cover_image": "image/upload/v1741393267/uvokwaaeommc878brtm4.jpg", "bio": "Sia Kate Isobelle Furler (/ˈsiːə/ SEE-ə; born 18 December 1975) is an Australian singer and songwrit", "followers": 1}}, {"model": "musicapp.artist", "pk": 9, "fields": {"name": "Ayra Starr", "cover_image": "image/upload/v1741393356/t5zbbml4sanaddbcrmge.jpg", "bio": "Oyinkansola Sarah Aderibigbe (born 14 June 2002), known professionally as Ayra Starr, is a Nigerian", "followers": 1}}, {"model": "musicapp.artist", "pk": 10, "fields": {"name": "Ada", "cover_image": "image/upload/v1741393458/js9d3grjv2ysa7shtx0m.jpg", "bio": "Ada Ehi, the acclaimed Nigerian gospel artist, stands as a radiant star in this celestial realm. Her", "followers": 1}}, {"model": "musicapp.artist", "pk": 11, "fields": {"name": "Kizz Daniel", "cover_image": "image/upload/v1741393621/qtzkrpoqlahju7dria9w.jpg", "bio": "Oluwatobiloba Daniel Anidugbe (born 1 May 1994), who is better known as Kizz Daniel (formerly Kiss D", "followers": 1}}, {"model": "musicapp.artist", "pk": 12, "fields": {"name": "Bruno Mars", "cover_image": "image/upload/v1742003559/q2tjkrbegrdecbs6vgem.jpg", "bio": "Peter Gene Hernandez (born October 8, 1985), known professionally as Bruno Mars, is an American sing", "followers": 1}}, {"model": "musicapp.album", "pk": 1, "fields": {"title": "Timeless", "artist": 1, "release_date": "2023", "cover_image": "image/upload/v1741394418/ihlxwkyu85kin7i9omnh.jpg"}}, {"model": "musicapp.album", "pk": 2, "fields": {"title": "Love, Damini", "artist": 2, "release_date": "2023", "cover_image": "image/upload/v1741394532/jcjsdszbilbe2zjzkc9v.jpg"}}, {"model": "musicapp.album", "pk": 3, "fields": {"title": "Recovery", "artist": 3, "release_date": "2010", "cover_image": "image/upload/v1741394673/zrlkde63by3zjzvued0q.jpg"}}, {"model": "musicapp.album", "pk": 4, "fields": {"title": "This is acting", "artist": 8, "release_date": "2016", "cover_image": "image/upload/v1741394774/wq5mhqjkjztmqcyyrfjr.jpg"}}, {"model": "musicapp.album", "pk": 5, "fields": {"title": "Work of art", "artist": 5, "release_date": "2023", "cover_image": "image/upload/v1741394811/xz16bgwod5davbhldmxs.jpg"}}, {"model": "musicapp.album", "pk": 6, "fields": {"title": "World of Walker", "artist": 4, "release_date": "2024", "cover_image": "image/upload/v1741394847/kpfovic0btdlcsxkeqyp.jpg"}}, {"model": "musicapp.album", "pk": 7, "fields": {"title": "19 & Dangerous", "artist": 9, "release_date": "2021", "cover_image": "image/upload/v1741394935/yqmhh4xjwalydtjwm083.jpg"}}, {"model": "musicapp.album", "pk": 8, "fields": {"title": "Maverick", "artist": 11, "release_date": "2023", "cover_image": "image/upload/v1741394993/ugesifbhqncd5pdwln4f.jpg"}}, {"model": "musicapp.album", "pk": 9, "fields": {"title": "Justice", "artist": 7, "release_date": "2021", "cover_image": "image/upload/v1741395049/qbqnk8tyzil8rcxvqf5i.jpg"}}, {"model": "musicapp.album", "pk": 10, "fields": {"title": "Consecrated", "artist": 10, "release_date": "2024", "cover_image": "image/upload/v1741395111/oaiiwk4grimekqypq88h.jpg"}}, {"model": "musicapp.album", "pk": 11, "fields": {"title": "All lost souls", "artist": 6, "release_date": "2007", "cover_image": "image/upload/v1741395198/nxmehgpshmq82e7j2mdc.jpg"}}, {"model": "musicapp.album", "pk": 12, "fields": {"title": "Count on me", "artist": 12, "release_date": "2010", "cover_image": "image/upload/v1742003829/bv50lxvxkxyjiaqiv7dp.jpg"}}, {"model": "musicapp.genre", "pk": 2, "fields": {"title": "Blues", "cover_image": "image/upload/v1741393871/qotomfhlarq66swh7zrc.jpg"}}, {"model": "musicapp.genre", "pk": 3, "fields": {"title": "Hip hop", "cover_image": "image/upload/v1741393894/av3k62e0nmgyfqbzkssf.jpg"}}, {"model": "musicapp.genre", "pk": 5, "fields": {"title": "Rock", "cover_image": "image/upload/v1741393971/oqmazywolkqxmdgzfuhi.png"}}, {"model": "musicapp.genre", "pk": 7, "fields": {"title": "R & B", "cover_image": "image/upload/v1741393998/mlefurtcoohhtbfarecd.jpg"}}, {"model": "musicapp.genre", "pk": 8, "fields": {"title": "Afro beats", "cover_image": "image/upload/v1741394086/btglqvfixkdw9eegcdfq.jpg"}}, {"model": "musicapp.genre", "pk": 9, "fields": {"title": "Electronic", "cover_image": "image/upload/v1742011214/frtq9ddq8zzevxx4lqvg.jpg"}}, {"model": "musicapp.track", "pk": 1, "fields": {"title": "Alone Ft. Ava_Max", "artist": 4, "genre": 2, "album": 6, "date_added": "2025-03-11T02:59:50.345Z", "likes": 0, "duration": 245, "release_year": "2024", "cover_image": "image/upload/v1741396151/ewr0wg2jcgflroksutbs.jpg", "audio_file": "video/upload/v1741396155/mk8snxalr5b2eerr4n9m.mp3", "times_played": 12, "last_played": "2025-03-17"}}, {"model": "musicapp.track", "pk": 2, "fields": {"title": "For my hand Ft. Edsheeran", "artist": 2, "genre": 8, "album": 2, "date_added": "2025-03-11T03:10:26.902Z", "likes": 0, "duration": 159, "release_year": "2022", "cover_image": "image/upload/v1741396412/wuv5kzaxrpefx2ud9st7.jpg", "audio_file": "video/upload/v1741396417/yarlz03ujakjqoicn6gu.mp3", "times_played": 5, "last_played": "2025-03-15"}}, {"model": "musicapp.track", "pk": 3, "fields": {"title": "Unavailable ft Musa_Keys", "artist": 1, "genre": 8, "album": 1, "date_added": "2025-03-09T02:06:24.683Z", "likes": 0, "duration": 171, "release_year": "2023", "cover_image": "image/upload/v1741396601/slorkcxoyubbi9r0ecx2.jpg", "audio_file": "video/upload/v1741396609/pj8k7j4ad86jdaoyzrqz.mp3", "times_played": 4, "last_played": "2025-03-15"}}, {"model": "musicapp.track", "pk": 4, "fields": {"title": "Rush", "artist": 9, "genre": 8, "album": 7, "date_added": "2025-03-09T02:09:32.351Z", "likes": 0, "duration": 187, "release_year": "2023", "cover_image": "image/upload/v1741397059/bpegk0z2zpocyryiaxtp.jpg", "audio_file": "video/upload/v1741397062/zr9wjwuepjqubovlttcc.mp3", "times_played": 3, "last_played": "2025-03-15"}}, {"model": "musicapp.track", "pk": 5, "fields": {"title": "Bird set free", "artist": 8, "genre": 7, "album": 4, "date_added": "2025-03-08T01:26:55.224Z", "likes": 0, "duration": 255, "release_year": "2016", "cover_image": "image/upload/v1741397213/r2jklqhpfe90ltkhkuzl.jpg", "audio_file": "video/upload/v1741397220/pcw5a0mkeyppd5a1n4lm.mp3", "times_played": 4, "last_played": "2025-03-15"}}, {"model": "musicapp.track", "pk": 6, "fields": {"title": "My G", "artist": 11, "genre": 8, "album": 8, "date_added": "2025-03-08T01:29:52.462Z", "likes": 0, "duration": 160, "release_year": "2024", "cover_image": "image/upload/v1741397390/cjeig1qw9ju0lizr7nt8.jpg", "audio_file": "video/upload/v1741397393/ypmc8rtheqzjal9ncmrh.mp3", "times_played": 1, "last_played": "2025-03-15"}}, {"model": "musicapp.track", "pk": 7, "fields": {"title": "No love ft Lil Wayne", "artist": 3, "genre": 3, "album": 3, "date_added": "2025-03-09T02:26:12.976Z", "likes": 0, "duration": 299, "release_year": "2010", "cover_image": "image/upload/v1741397502/pumm59ogayjk5tnwqiog.jpg", "audio_file": "video/upload/v1741397506/sojjg56phewmlg3nnevn.mp3", "times_played": 3, "last_played": "2025-03-15"}}, {"model": "musicapp.track", "pk": 8, "fields": {"title": "As long as you love me", "artist": 7, "genre": 7, "album": 9, "date_added": "2025-03-11T03:13:51.235Z", "likes": 0, "duration": 229, "release_year": "2012", "cover_image": "image/upload/v1741397654/xmyvesqzpkuxp8ejnexk.jpg", "audio_file": "video/upload/v1741397661/cqyrv4fogw9iocrkzqxk.mp3", "times_played": 3, "last_played": "2025-03-11"}}, {"model": "musicapp.track", "pk": 9, "fields": {"title": "Lonely at the top", "artist": 5, "genre": 8, "album": 5, "date_added": "2025-03-09T02:31:41.680Z", "likes": 0, "duration": 157, "release_year": "2023", "cover_image": "image/upload/v1741397774/hdvikqkkc9ygqimf2lpa.jpg", "audio_file": "video/upload/v1741397778/fi17ugdhcyfzef3nwbyf.mp3", "times_played": 5, "last_played": "2025-03-15"}}, {"model": "musicapp.track", "pk": 10, "fields": {"title": "Peace be unto you", "artist": 5, "genre": 8, "album": 5, "date_added": "2025-03-09T02:31:38.255Z", "likes": 0, "duration": 153, "release_year": "2022", "cover_image": "image/upload/v1741398867/hfeb1pv9wfori3zj24w1.jpg", "audio_file": "video/upload/v1741398874/cy4fjcdj3kpvmav2oq4q.mp3", "times_played": 5, "last_played": "2025-03-15"}}, {"model": "musicapp.track", "pk": 11, "fields": {"title": "Feel", "artist": 1, "genre": 8, "album": 1, "date_added": "2025-03-09T01:54:37.341Z", "likes": 0, "duration": 154, "release_year": "2023", "cover_image": "image/upload/v1741398959/nu7lyzm4rrdylnuuermf.jpg", "audio_file": "video/upload/v1741398966/fapo5ad5ftdakwhvie31.mp3", "times_played": 3, "last_played": "2025-03-09"}}, {"model": "musicapp.track", "pk": 12, "fields": {"title": "Common Person", "artist": 2, "genre": 8, "album": 2, "date_added": "2025-03-09T02:03:07.712Z", "likes": 0, "duration": 2015, "release_year": "2022", "cover_image": "image/upload/v1741399396/r9nlfujwy0robqkkcidc.jpg", "audio_file": "video/upload/v1741399407/vi9l6daabwwf4aobtfxx.mp3", "times_played": 2, "last_played": "2025-03-09"}}, {"model": "musicapp.track", "pk": 14, "fields": {"title": "Seduction", "artist": 3, "genre": 3, "album": 3, "date_added": "2025-03-15T01:33:13.936Z", "likes": 0, "duration": 288, "release_year": "2010", "cover_image": "image/upload/v1742002389/etfzmfinycw4ifshyuet.jpg", "audio_file": "video/upload/v1742002401/hhmxjo9n9pwiwcwpgkgl.mp3", "times_played": 1, "last_played": "2025-03-15"}}, {"model": "musicapp.track", "pk": 15, "fields": {"title": "Lose your self", "artist": 3, "genre": 3, "album": 3, "date_added": "2025-03-15T02:58:18.968Z", "likes": 0, "duration": 199, "release_year": "2010", "cover_image": "image/upload/v1742002585/yqjqpxgcehko9phkclwe.jpg", "audio_file": "video/upload/v1742002594/vqog5sjuf7xtaxvxxpgs.mp3", "times_played": 0, "last_played": "2025-03-15"}}, {"model": "musicapp.track", "pk": 16, "fields": {"title": "I don't Care ft. Edsheeran", "artist": 7, "genre": 5, "album": 9, "date_added": "2025-03-15T01:43:53.020Z", "likes": 0, "duration": 207, "release_year": "2012", "cover_image": "image/upload/v1742003026/eykfkieegolc5hu7t3cg.jpg", "audio_file": "video/upload/v1742003040/hcpqvk0dkq5pl2lykpnm.mp3", "times_played": 0, "last_played": "2025-03-15"}}, {"model": "musicapp.track", "pk": 17, "fields": {"title": "One Time", "artist": 7, "genre": 5, "album": 9, "date_added": "2025-03-15T01:45:37.211Z", "likes": 0, "duration": 242, "release_year": "2012", "cover_image": "image/upload/v1742003130/rxli6gf6stn23crrvxpb.jpg", "audio_file": "video/upload/v1742003156/jpxvqtpf21jlzzjyuqmn.mp3", "times_played": 1, "last_played": "2025-03-15"}}, {"model": "musicapp.track", "pk": 18, "fields": {"title": "Faded", "artist": 4, "genre": 2, "album": 6, "date_added": "2025-03-15T01:49:16.502Z", "likes": 0, "duration": 112, "release_year": "2022", "cover_image": "image/upload/v1742003349/fjwltdxvhl7iojrvpqfh.jpg", "audio_file": "video/upload/v1742003360/bodgdbncmas0o5puoxgp.mp3", "times_played": 3, "last_played": "2025-03-15"}}, {"model": "musicapp.track", "pk": 19, "fields": {"title": "Count on me", "artist": 12, "genre": 5, "album": 12, "date_added": "2025-03-15T01:58:23.156Z", "likes": 0, "duration": 192, "release_year": "2012", "cover_image": "image/upload/v1742003896/gxbidstodweq58e20dr2.jpg", "audio_file": "video/upload/v1742003905/a9sgacafjjytooxaqvhv.mp3", "times_played": 0, "last_played": "2025-03-15"}}, {"model": "musicapp.track", "pk": 20, "fields": {"title": "On my way", "artist": 4, "genre": 5, "album": 6, "date_added": "2025-03-15T03:37:56.672Z", "likes": 0, "duration": 216, "release_year": "2022", "cover_image": "image/upload/v1742009872/radnyp2p6tb2sklzelc7.jpg", "audio_file": "video/upload/v1742009878/ib7iektshvkugimzul8l.mp3", "times_played": 2, "last_played": "2025-03-17"}}, {"model": "musicapp.track", "pk": 21, "fields": {"title": "Lost Control", "artist": 4, "genre": 5, "album": 6, "date_added": "2025-03-15T03:41:19.822Z", "likes": 0, "duration": 218, "release_year": "2022", "cover_image": "image/upload/v1742010073/vuisxrazuuftfcx1s4p8.jpg", "audio_file": "video/upload/v1742010079/kopa87i5j6vufaexuyok.mp3", "times_played": 1, "last_played": "2025-03-15"}}, {"model": "musicapp.track", "pk": 22, "fields": {"title": "Hero", "artist": 4, "genre": 2, "album": 6, "date_added": "2025-03-15T03:43:42.470Z", "likes": 0, "duration": 171, "release_year": "2022", "cover_image": "image/upload/v1742010216/ej7rheorslibtsjlxetj.jpg", "audio_file": "video/upload/v1742010219/izxg6y3kpjkxzmsghm78.mp3", "times_played": 4, "last_played": "2025-03-15"}}, {"model": "musicapp.track", "pk": 23, "fields": {"title": "Lily", "artist": 4, "genre": 7, "album": 6, "date_added": "2025-03-15T03:48:10.206Z", "likes": 0, "duration": 200, "release_year": "2022", "cover_image": "image/upload/v1742010483/kpmlbnsbavv8hty1tahq.jpg", "audio_file": "video/upload/v1742010487/ounkeyi7f0zzimol6wgn.mp3", "times_played": 1, "last_played": "2025-03-15"}}, {"model": "musicapp.playlist", "pk": 2, "fields": {"user": 2, "title": "blacket", "created_on": "2025-03-10T23:44:08.599Z", "tracks": [1, 3]}}, {"model": "musicapp.playlist", "pk": 3, "fields": {"user": 2, "title": "katie", "created_on": "2025-03-10T23:50:33.024Z", "tracks": [3]}}, {"model": "musicapp.pricing", "pk": 1, "fields": {"plans": "basic", "price": 0, "duration": 30, "subscribers": 2}}, {"model": "musicapp.pricing", "pk": 2, "fields": {"plans": "medium", "price": 25, "duration": 30, "subscribers": 1}}, {"model": "musicapp.pricing", "pk": 3, "fields": {"plans": "premium", "price": 100, "duration": 30, "subscribers": 3}}, {"model": "musicapp.order", "pk": 12, "fields": {"owner": 2, "pricing": 3, "payment": true, "paymentid": "pi_3R5FbUAtt6kY2KD51v77w2TI", "bill": 100, "order_date": "2025-03-22T00:08:34.872Z"}}, {"model": "musicapp.subscription", "pk": 2, "fields": {"user": 2, "pricing": 3, "paymentid": "pi_3R5FbUAtt6kY2KD51v77w2TI", "payment": false, "start_date": "2025-03-22", "end_date": "2025-04-21", "status": "active", "bill": 100, "payment_status": "paid"}}]