[
{
  "model": "musicapp.artist",
  "pk": 1,
  "fields": {
    "name": "Davido",
    "cover_image": "image/upload/v1741386163/mbrbcem3l3euxm6t2wxl.jpg",
    "bio": "David Adedeji Adeleke OON (born November 21, 1992), known professionally as Davido, is a Nigerian-Am",
    "followers": 1
  }
},
{
  "model": "musicapp.artist",
  "pk": 2,
  "fields": {
    "name": "Burna Boy",
    "cover_image": "image/upload/v1741392651/oetm87zrgqc74g6agm5e.jpg",
    "bio": "Damini Ebunoluwa Ogulu MFR[5] (born 2 July 1991),[1] known professionally as Burna Boy, is a Nigeria",
    "followers": 1
  }
},
{
  "model": "musicapp.artist",
  "pk": 3,
  "fields": {
    "name": "Eminem",
    "cover_image": "image/upload/v1741392704/jp0ge5ngldfhg4zr4rmi.jpg",
    "bio": "Marshall Bruce Mathers III (born October 17, 1972), known professionally as Eminem (often stylized a",
    "followers": 1
  }
},
{
  "model": "musicapp.artist",
  "pk": 4,
  "fields": {
    "name": "Alan Walker",
    "cover_image": "image/upload/v1741392739/zhtcul6p8e5qyunszwe9.jpg",
    "bio": "Alan Olav Walker (born 24 August 1997) is a Norwegian DJ and record producer. His songs \"Faded\", \"Si",
    "followers": 1
  }
},
{
  "model": "musicapp.artist",
  "pk": 5,
  "fields": {
    "name": "Asake",
    "cover_image": "image/upload/v1741393008/dphprupmcfdnf6lmpi31.jpg",
    "bio": "Ahmed Ololade (born 13 January 1995), known professionally as Asake, is a Nigerian singer, rapper",
    "followers": 1
  }
},
{
  "model": "musicapp.artist",
  "pk": 6,
  "fields": {
    "name": "James Blunt",
    "cover_image": "image/upload/v1741393152/aem7wphryslvomookfci.jpg",
    "bio": "James Blunt (born James Hillier Blount, 22 February 1974) is an English singer, songwriter and music",
    "followers": 1
  }
},
{
  "model": "musicapp.artist",
  "pk": 7,
  "fields": {
    "name": "Justin Beiber",
    "cover_image": "image/upload/v1741393221/fnufnpnp8quoti6nz7px.jpg",
    "bio": "Justin Drew Bieber (/ˈbiːbər/ BEE-bər; born March 1, 1994)[3][4] is a Canadian singer. Regarded as a",
    "followers": 1
  }
},
{
  "model": "musicapp.artist",
  "pk": 8,
  "fields": {
    "name": "Sia",
    "cover_image": "image/upload/v1741393267/uvokwaaeommc878brtm4.jpg",
    "bio": "Sia Kate Isobelle Furler (/ˈsiːə/ SEE-ə; born 18 December 1975) is an Australian singer and songwrit",
    "followers": 1
  }
},
{
  "model": "musicapp.artist",
  "pk": 9,
  "fields": {
    "name": "Ayra Starr",
    "cover_image": "image/upload/v1741393356/t5zbbml4sanaddbcrmge.jpg",
    "bio": "Oyinkansola Sarah Aderibigbe (born 14 June 2002), known professionally as Ayra Starr, is a Nigerian",
    "followers": 1
  }
},
{
  "model": "musicapp.artist",
  "pk": 10,
  "fields": {
    "name": "Ada",
    "cover_image": "image/upload/v1741393458/js9d3grjv2ysa7shtx0m.jpg",
    "bio": "Ada Ehi, the acclaimed Nigerian gospel artist, stands as a radiant star in this celestial realm. Her",
    "followers": 1
  }
},
{
  "model": "musicapp.artist",
  "pk": 11,
  "fields": {
    "name": "Kizz Daniel",
    "cover_image": "image/upload/v1741393621/qtzkrpoqlahju7dria9w.jpg",
    "bio": "Oluwatobiloba Daniel Anidugbe (born 1 May 1994), who is better known as Kizz Daniel (formerly Kiss D",
    "followers": 1
  }
},
{
  "model": "musicapp.artist",
  "pk": 12,
  "fields": {
    "name": "Bruno Mars",
    "cover_image": "image/upload/v1742003559/q2tjkrbegrdecbs6vgem.jpg",
    "bio": "Peter Gene Hernandez (born October 8, 1985), known professionally as Bruno Mars, is an American sing",
    "followers": 1
  }
},
{
  "model": "musicapp.album",
  "pk": 1,
  "fields": {
    "title": "Timeless",
    "artist": 1,
    "release_date": "2023",
    "cover_image": "image/upload/v1741394418/ihlxwkyu85kin7i9omnh.jpg"
  }
},
{
  "model": "musicapp.album",
  "pk": 2,
  "fields": {
    "title": "Love, Damini",
    "artist": 2,
    "release_date": "2023",
    "cover_image": "image/upload/v1741394532/jcjsdszbilbe2zjzkc9v.jpg"
  }
},
{
  "model": "musicapp.album",
  "pk": 3,
  "fields": {
    "title": "Recovery",
    "artist": 3,
    "release_date": "2010",
    "cover_image": "image/upload/v1741394673/zrlkde63by3zjzvued0q.jpg"
  }
},
{
  "model": "musicapp.album",
  "pk": 4,
  "fields": {
    "title": "This is acting",
    "artist": 8,
    "release_date": "2016",
    "cover_image": "image/upload/v1741394774/wq5mhqjkjztmqcyyrfjr.jpg"
  }
},
{
  "model": "musicapp.album",
  "pk": 5,
  "fields": {
    "title": "Work of art",
    "artist": 5,
    "release_date": "2023",
    "cover_image": "image/upload/v1741394811/xz16bgwod5davbhldmxs.jpg"
  }
},
{
  "model": "musicapp.album",
  "pk": 6,
  "fields": {
    "title": "World of Walker",
    "artist": 4,
    "release_date": "2024",
    "cover_image": "image/upload/v1741394847/kpfovic0btdlcsxkeqyp.jpg"
  }
},
{
  "model": "musicapp.album",
  "pk": 7,
  "fields": {
    "title": "19 & Dangerous",
    "artist": 9,
    "release_date": "2021",
    "cover_image": "image/upload/v1741394935/yqmhh4xjwalydtjwm083.jpg"
  }
},
{
  "model": "musicapp.album",
  "pk": 8,
  "fields": {
    "title": "Maverick",
    "artist": 11,
    "release_date": "2023",
    "cover_image": "image/upload/v1741394993/ugesifbhqncd5pdwln4f.jpg"
  }
},
{
  "model": "musicapp.album",
  "pk": 9,
  "fields": {
    "title": "Justice",
    "artist": 7,
    "release_date": "2021",
    "cover_image": "image/upload/v1741395049/qbqnk8tyzil8rcxvqf5i.jpg"
  }
},
{
  "model": "musicapp.album",
  "pk": 10,
  "fields": {
    "title": "Consecrated",
    "artist": 10,
    "release_date": "2024",
    "cover_image": "image/upload/v1741395111/oaiiwk4grimekqypq88h.jpg"
  }
},
{
  "model": "musicapp.album",
  "pk": 11,
  "fields": {
    "title": "All lost souls",
    "artist": 6,
    "release_date": "2007",
    "cover_image": "image/upload/v1741395198/nxmehgpshmq82e7j2mdc.jpg"
  }
},
{
  "model": "musicapp.album",
  "pk": 12,
  "fields": {
    "title": "Count on me",
    "artist": 12,
    "release_date": "2010",
    "cover_image": "image/upload/v1742003829/bv50lxvxkxyjiaqiv7dp.jpg"
  }
},
{
  "model": "musicapp.genre",
  "pk": 2,
  "fields": {
    "title": "Blues",
    "cover_image": "image/upload/v1741393871/qotomfhlarq66swh7zrc.jpg"
  }
},
{
  "model": "musicapp.genre",
  "pk": 3,
  "fields": {
    "title": "Hip hop",
    "cover_image": "image/upload/v1741393894/av3k62e0nmgyfqbzkssf.jpg"
  }
},
{
  "model": "musicapp.genre",
  "pk": 5,
  "fields": {
    "title": "Rock",
    "cover_image": "image/upload/v1741393971/oqmazywolkqxmdgzfuhi.png"
  }
},
{
  "model": "musicapp.genre",
  "pk": 7,
  "fields": {
    "title": "R & B",
    "cover_image": "image/upload/v1741393998/mlefurtcoohhtbfarecd.jpg"
  }
},
{
  "model": "musicapp.genre",
  "pk": 8,
  "fields": {
    "title": "Afro beats",
    "cover_image": "image/upload/v1741394086/btglqvfixkdw9eegcdfq.jpg"
  }
},
{
  "model": "musicapp.genre",
  "pk": 9,
  "fields": {
    "title": "Electronic",
    "cover_image": "image/upload/v1742011214/frtq9ddq8zzevxx4lqvg.jpg"
  }
},
{
  "model": "musicapp.track",
  "pk": 1,
  "fields": {
    "title": "Alone Ft. Ava_Max",
    "artist": 4,
    "genre": 2,
    "album": 6,
    "date_added": "2025-03-11T02:59:50.345Z",
    "likes": 0,
    "duration": 245,
    "release_year": "2024",
    "cover_image": "image/upload/v1741396151/ewr0wg2jcgflroksutbs.jpg",
    "audio_file": "video/upload/v1741396155/mk8snxalr5b2eerr4n9m.mp3",
    "times_played": 12,
    "last_played": "2025-03-17"
  }
},
{
  "model": "musicapp.track",
  "pk": 2,
  "fields": {
    "title": "For my hand Ft. Edsheeran",
    "artist": 2,
    "genre": 8,
    "album": 2,
    "date_added": "2025-03-11T03:10:26.902Z",
    "likes": 0,
    "duration": 159,
    "release_year": "2022",
    "cover_image": "image/upload/v1741396412/wuv5kzaxrpefx2ud9st7.jpg",
    "audio_file": "video/upload/v1741396417/yarlz03ujakjqoicn6gu.mp3",
    "times_played": 5,
    "last_played": "2025-03-15"
  }
},
{
  "model": "musicapp.track",
  "pk": 3,
  "fields": {
    "title": "Unavailable ft Musa_Keys",
    "artist": 1,
    "genre": 8,
    "album": 1,
    "date_added": "2025-03-09T02:06:24.683Z",
    "likes": 0,
    "duration": 171,
    "release_year": "2023",
    "cover_image": "image/upload/v1741396601/slorkcxoyubbi9r0ecx2.jpg",
    "audio_file": "video/upload/v1741396609/pj8k7j4ad86jdaoyzrqz.mp3",
    "times_played": 4,
    "last_played": "2025-03-15"
  }
},
{
  "model": "musicapp.track",
  "pk": 4,
  "fields": {
    "title": "Rush",
    "artist": 9,
    "genre": 8,
    "album": 7,
    "date_added": "2025-03-09T02:09:32.351Z",
    "likes": 0,
    "duration": 187,
    "release_year": "2023",
    "cover_image": "image/upload/v1741397059/bpegk0z2zpocyryiaxtp.jpg",
    "audio_file": "video/upload/v1741397062/zr9wjwuepjqubovlttcc.mp3",
    "times_played": 3,
    "last_played": "2025-03-15"
  }
},
{
  "model": "musicapp.track",
  "pk": 5,
  "fields": {
    "title": "Bird set free",
    "artist": 8,
    "genre": 7,
    "album": 4,
    "date_added": "2025-03-08T01:26:55.224Z",
    "likes": 0,
    "duration": 255,
    "release_year": "2016",
    "cover_image": "image/upload/v1741397213/r2jklqhpfe90ltkhkuzl.jpg",
    "audio_file": "video/upload/v1741397220/pcw5a0mkeyppd5a1n4lm.mp3",
    "times_played": 4,
    "last_played": "2025-03-15"
  }
},
{
  "model": "musicapp.track",
  "pk": 6,
  "fields": {
    "title": "My G",
    "artist": 11,
    "genre": 8,
    "album": 8,
    "date_added": "2025-03-08T01:29:52.462Z",
    "likes": 0,
    "duration": 160,
    "release_year": "2024",
    "cover_image": "image/upload/v1741397390/cjeig1qw9ju0lizr7nt8.jpg",
    "audio_file": "video/upload/v1741397393/ypmc8rtheqzjal9ncmrh.mp3",
    "times_played": 1,
    "last_played": "2025-03-15"
  }
},
{
  "model": "musicapp.track",
  "pk": 7,
  "fields": {
    "title": "No love ft Lil Wayne",
    "artist": 3,
    "genre": 3,
    "album": 3,
    "date_added": "2025-03-09T02:26:12.976Z",
    "likes": 0,
    "duration": 299,
    "release_year": "2010",
    "cover_image": "image/upload/v1741397502/pumm59ogayjk5tnwqiog.jpg",
    "audio_file": "video/upload/v1741397506/sojjg56phewmlg3nnevn.mp3",
    "times_played": 3,
    "last_played": "2025-03-15"
  }
},
{
  "model": "musicapp.track",
  "pk": 8,
  "fields": {
    "title": "As long as you love me",
    "artist": 7,
    "genre": 7,
    "album": 9,
    "date_added": "2025-03-11T03:13:51.235Z",
    "likes": 0,
    "duration": 229,
    "release_year": "2012",
    "cover_image": "image/upload/v1741397654/xmyvesqzpkuxp8ejnexk.jpg",
    "audio_file": "video/upload/v1741397661/cqyrv4fogw9iocrkzqxk.mp3",
    "times_played": 3,
    "last_played": "2025-03-11"
  }
},
{
  "model": "musicapp.track",
  "pk": 9,
  "fields": {
    "title": "Lonely at the top",
    "artist": 5,
    "genre": 8,
    "album": 5,
    "date_added": "2025-03-09T02:31:41.680Z",
    "likes": 0,
    "duration": 157,
    "release_year": "2023",
    "cover_image": "image/upload/v1741397774/hdvikqkkc9ygqimf2lpa.jpg",
    "audio_file": "video/upload/v1741397778/fi17ugdhcyfzef3nwbyf.mp3",
    "times_played": 5,
    "last_played": "2025-03-15"
  }
},
{
  "model": "musicapp.track",
  "pk": 10,
  "fields": {
    "title": "Peace be unto you",
    "artist": 5,
    "genre": 8,
    "album": 5,
    "date_added": "2025-03-09T02:31:38.255Z",
    "likes": 0,
    "duration": 153,
    "release_year": "2022",
    "cover_image": "image/upload/v1741398867/hfeb1pv9wfori3zj24w1.jpg",
    "audio_file": "video/upload/v1741398874/cy4fjcdj3kpvmav2oq4q.mp3",
    "times_played": 5,
    "last_played": "2025-03-15"
  }
},
{
  "model": "musicapp.track",
  "pk": 11,
  "fields": {
    "title": "Feel",
    "artist": 1,
    "genre": 8,
    "album": 1,
    "date_added": "2025-03-09T01:54:37.341Z",
    "likes": 0,
    "duration": 154,
    "release_year": "2023",
    "cover_image": "image/upload/v1741398959/nu7lyzm4rrdylnuuermf.jpg",
    "audio_file": "video/upload/v1741398966/fapo5ad5ftdakwhvie31.mp3",
    "times_played": 3,
    "last_played": "2025-03-09"
  }
},
{
  "model": "musicapp.track",
  "pk": 12,
  "fields": {
    "title": "Common Person",
    "artist": 2,
    "genre": 8,
    "album": 2,
    "date_added": "2025-03-09T02:03:07.712Z",
    "likes": 0,
    "duration": 2015,
    "release_year": "2022",
    "cover_image": "image/upload/v1741399396/r9nlfujwy0robqkkcidc.jpg",
    "audio_file": "video/upload/v1741399407/vi9l6daabwwf4aobtfxx.mp3",
    "times_played": 2,
    "last_played": "2025-03-09"
  }
},
{
  "model": "musicapp.track",
  "pk": 14,
  "fields": {
    "title": "Seduction",
    "artist": 3,
    "genre": 3,
    "album": 3,
    "date_added": "2025-03-15T01:33:13.936Z",
    "likes": 0,
    "duration": 288,
    "release_year": "2010",
    "cover_image": "image/upload/v1742002389/etfzmfinycw4ifshyuet.jpg",
    "audio_file": "video/upload/v1742002401/hhmxjo9n9pwiwcwpgkgl.mp3",
    "times_played": 1,
    "last_played": "2025-03-15"
  }
},
{
  "model": "musicapp.track",
  "pk": 15,
  "fields": {
    "title": "Lose your self",
    "artist": 3,
    "genre": 3,
    "album": 3,
    "date_added": "2025-03-15T02:58:18.968Z",
    "likes": 0,
    "duration": 199,
    "release_year": "2010",
    "cover_image": "image/upload/v1742002585/yqjqpxgcehko9phkclwe.jpg",
    "audio_file": "video/upload/v1742002594/vqog5sjuf7xtaxvxxpgs.mp3",
    "times_played": 0,
    "last_played": "2025-03-15"
  }
},
{
  "model": "musicapp.track",
  "pk": 16,
  "fields": {
    "title": "I don't Care ft. Edsheeran",
    "artist": 7,
    "genre": 5,
    "album": 9,
    "date_added": "2025-03-15T01:43:53.020Z",
    "likes": 0,
    "duration": 207,
    "release_year": "2012",
    "cover_image": "image/upload/v1742003026/eykfkieegolc5hu7t3cg.jpg",
    "audio_file": "video/upload/v1742003040/hcpqvk0dkq5pl2lykpnm.mp3",
    "times_played": 0,
    "last_played": "2025-03-15"
  }
},
{
  "model": "musicapp.track",
  "pk": 17,
  "fields": {
    "title": "One Time",
    "artist": 7,
    "genre": 5,
    "album": 9,
    "date_added": "2025-03-15T01:45:37.211Z",
    "likes": 0,
    "duration": 242,
    "release_year": "2012",
    "cover_image": "image/upload/v1742003130/rxli6gf6stn23crrvxpb.jpg",
    "audio_file": "video/upload/v1742003156/jpxvqtpf21jlzzjyuqmn.mp3",
    "times_played": 1,
    "last_played": "2025-03-15"
  }
},
{
  "model": "musicapp.track",
  "pk": 18,
  "fields": {
    "title": "Faded",
    "artist": 4,
    "genre": 2,
    "album": 6,
    "date_added": "2025-03-15T01:49:16.502Z",
    "likes": 0,
    "duration": 112,
    "release_year": "2022",
    "cover_image": "image/upload/v1742003349/fjwltdxvhl7iojrvpqfh.jpg",
    "audio_file": "video/upload/v1742003360/bodgdbncmas0o5puoxgp.mp3",
    "times_played": 3,
    "last_played": "2025-03-15"
  }
},
{
  "model": "musicapp.track",
  "pk": 19,
  "fields": {
    "title": "Count on me",
    "artist": 12,
    "genre": 5,
    "album": 12,
    "date_added": "2025-03-15T01:58:23.156Z",
    "likes": 0,
    "duration": 192,
    "release_year": "2012",
    "cover_image": "image/upload/v1742003896/gxbidstodweq58e20dr2.jpg",
    "audio_file": "video/upload/v1742003905/a9sgacafjjytooxaqvhv.mp3",
    "times_played": 0,
    "last_played": "2025-03-15"
  }
},
{
  "model": "musicapp.track",
  "pk": 20,
  "fields": {
    "title": "On my way",
    "artist": 4,
    "genre": 5,
    "album": 6,
    "date_added": "2025-03-15T03:37:56.672Z",
    "likes": 0,
    "duration": 216,
    "release_year": "2022",
    "cover_image": "image/upload/v1742009872/radnyp2p6tb2sklzelc7.jpg",
    "audio_file": "video/upload/v1742009878/ib7iektshvkugimzul8l.mp3",
    "times_played": 2,
    "last_played": "2025-03-17"
  }
},
{
  "model": "musicapp.track",
  "pk": 21,
  "fields": {
    "title": "Lost Control",
    "artist": 4,
    "genre": 5,
    "album": 6,
    "date_added": "2025-03-15T03:41:19.822Z",
    "likes": 0,
    "duration": 218,
    "release_year": "2022",
    "cover_image": "image/upload/v1742010073/vuisxrazuuftfcx1s4p8.jpg",
    "audio_file": "video/upload/v1742010079/kopa87i5j6vufaexuyok.mp3",
    "times_played": 1,
    "last_played": "2025-03-15"
  }
},
{
  "model": "musicapp.track",
  "pk": 22,
  "fields": {
    "title": "Hero",
    "artist": 4,
    "genre": 2,
    "album": 6,
    "date_added": "2025-03-15T03:43:42.470Z",
    "likes": 0,
    "duration": 171,
    "release_year": "2022",
    "cover_image": "image/upload/v1742010216/ej7rheorslibtsjlxetj.jpg",
    "audio_file": "video/upload/v1742010219/izxg6y3kpjkxzmsghm78.mp3",
    "times_played": 4,
    "last_played": "2025-03-15"
  }
},
{
  "model": "musicapp.track",
  "pk": 23,
  "fields": {
    "title": "Lily",
    "artist": 4,
    "genre": 7,
    "album": 6,
    "date_added": "2025-03-15T03:48:10.206Z",
    "likes": 0,
    "duration": 200,
    "release_year": "2022",
    "cover_image": "image/upload/v1742010483/kpmlbnsbavv8hty1tahq.jpg",
    "audio_file": "video/upload/v1742010487/ounkeyi7f0zzimol6wgn.mp3",
    "times_played": 1,
    "last_played": "2025-03-15"
  }
},
{
  "model": "musicapp.playlist",
  "pk": 2,
  "fields": {
    "user": 2,
    "title": "blacket",
    "created_on": "2025-03-10T23:44:08.599Z",
    "tracks": [
      1,
      3
    ]
  }
},
{
  "model": "musicapp.playlist",
  "pk": 3,
  "fields": {
    "user": 2,
    "title": "katie",
    "created_on": "2025-03-10T23:50:33.024Z",
    "tracks": [
      3
    ]
  }
},
{
  "model": "musicapp.pricing",
  "pk": 1,
  "fields": {
    "plans": "basic",
    "price": 0,
    "duration": 30,
    "subscribers": 2
  }
},
{
  "model": "musicapp.pricing",
  "pk": 2,
  "fields": {
    "plans": "medium",
    "price": 25,
    "duration": 30,
    "subscribers": 1
  }
},
{
  "model": "musicapp.pricing",
  "pk": 3,
  "fields": {
    "plans": "premium",
    "price": 100,
    "duration": 30,
    "subscribers": 3
  }
},
{
  "model": "musicapp.order",
  "pk": 12,
  "fields": {
    "owner": 2,
    "pricing": 3,
    "payment": true,
    "paymentid": "pi_3R5FbUAtt6kY2KD51v77w2TI",
    "bill": 100,
    "order_date": "2025-03-22T00:08:34.872Z"
  }
},
{
  "model": "musicapp.subscription",
  "pk": 2,
  "fields": {
    "user": 2,
    "pricing": 3,
    "paymentid": "pi_3R5FbUAtt6kY2KD51v77w2TI",
    "payment": false,
    "start_date": "2025-03-22",
    "end_date": "2025-04-21",
    "status": "active",
    "bill": 100,
    "payment_status": "paid"
  }
}
]
